{
  "ambient.cave": {
    "sounds": [
      "ambient/cave/cave",
      "ambient/cave/cave",
      "ambient/cave/cave",
      "ambient/cave/cave",
      "ambient/cave/cave",
      "ambient/cave/cave",
      "ambient/cave/cave",
      "ambient/cave/cave",
      "ambient/cave/cave",
      "ambient/cave/cave",
      "ambient/cave/cave",
      "ambient/cave/cave",
      "ambient/cave/cave",
      "ambient/cave/cave",
      "ambient/cave/cave",
      "ambient/cave/cave",
      "ambient/cave/cave",
      "ambient/cave/cave",
      "ambient/cave/cave",
      "ambient/cave/cave",
      "ambient/cave/cave",
      "ambient/cave/cave",
      "ambient/cave/cave",
      "ambient/cave/cave"
    ]
  },
  "block.note_block.pling": {
    "sounds": [
      "block/note_block/pling",
      "block/note_block/pling",
      "block/note_block/pling",
      "block/note_block/pling",
      "block/note_block/pling",
      "block/note_block/pling",
      "block/note_block/pling",
      "block/note_block/pling",
      "block/note_block/pling",
      "block/note_block/pling",
      "block/note_block/pling",
      "block/note_block/pling",
      "block/note_block/pling"
    ]
  },
  "block.bell.use": {
    "sounds": [
      "block/bell/use"
    ]
  },
  "entity.ender_dragon.growl": {
    "sounds": [
      "entity/ender_dragon/growl",
      "entity/ender_dragon/growl",
      "entity/ender_dragon/growl",
      "entity/ender_dragon/growl"
    ]
  },
  "ui.button.click": {
    "sounds": [
      "ui/select",
      "ui/select",
      "ui/select"
    ]
  }
}